id,distance,activity_type,moving_time,elapsed_time,start_time,end_time,start_latitude,end_latitude,start_longitude,end_longitude
159827896,1731.7,Run,564,721,2014-06-17 07:38:31,2014-06-17 07:38:31,51.452851,51.452631,-2.609263,-2.60754
161222566,7703.4,Run,2705,2726,2014-06-20 18:47:04,2014-06-20 18:47:04,51.457011,51.456291,-2.614253,-2.613825
161629506,9180.0,Run,3052,3161,2014-06-21 18:07:16,2014-06-21 18:07:16,51.457224,51.456292,-2.613214,-2.613875
163152657,13038.8,Run,4538,4637,2014-06-25 07:03:07,2014-06-25 07:03:07,51.456227,51.467724,-2.613725,-2.620666
163932815,11363.4,Run,3868,4015,2014-06-27 07:01:33,2014-06-27 07:01:33,51.456282,51.467814,-2.613826,-2.620692
164635385,11283.0,Run,3782,3786,2014-06-29 07:11:06,2014-06-29 07:11:06,51.456069,51.456289,-2.613823,-2.613852
165321541,7077.9,Run,2208,2208,2014-06-30 18:55:05,2014-06-30 18:55:05,51.456227,51.456375,-2.613752,-2.613851
165670238,13453.9,Run,4325,4442,2014-07-01 15:55:41,2014-07-01 15:55:41,51.456263,51.467746,-2.614123,-2.620724
165962621,9669.6,Run,3257,3316,2014-07-02 08:02:57,2014-07-02 08:02:57,51.456316,51.456236,-2.61393,-2.613892
166497306,7642.5,Run,2439,2461,2014-07-03 15:11:16,2014-07-03 15:11:16,51.456307,51.467732,-2.613851,-2.620765
166781243,10534.9,Run,3689,4053,2014-07-04 07:30:12,2014-07-04 07:30:12,51.455638,51.455561,-2.61463,-2.614904
169386300,5300.8,Run,3991,4052,2014-07-10 16:12:41,2014-07-10 16:12:41,51.47311,51.456162,-2.649933,-2.619531
170043134,11791.2,Run,3652,4084,2014-07-12 08:34:21,2014-07-12 08:34:21,51.456273,51.456044,-2.613924,-2.614084
170470380,9042.5,Run,2939,2978,2014-07-13 07:30:12,2014-07-13 07:30:12,51.456184,51.456307,-2.613885,-2.613873
171397646,11186.5,Run,3509,4085,2014-07-15 07:53:54,2014-07-15 07:53:54,51.456301,51.456162,-2.613764,-2.614213
174983384,9081.9,Run,3075,3080,2014-07-23 08:33:44,2014-07-23 08:33:44,51.456162,51.456358,-2.613755,-2.61383
191192662,10757.1,Run,3971,4076,2014-08-27 07:13:29,2014-08-27 07:13:29,51.456255,51.455601,-2.614192,-2.614901
196960468,2551.1,Run,847,953,2014-09-08 15:36:22,2014-09-08 15:36:22,51.446379,51.456259,-2.587794,-2.613786
219365579,11418.9,Run,3665,3700,2014-11-01 08:07:31,2014-11-01 08:07:31,51.455461,51.45567,-2.614265,-2.615259
220753043,2759.5,Run,852,916,2014-11-04 17:47:03,2014-11-04 17:47:03,51.446938,51.456319,-2.587632,-2.61378
224990268,9160.2,Run,2912,2998,2014-11-16 08:54:46,2014-11-16 08:54:46,51.456158,51.456271,-2.614321,-2.613837
311412751,3544.7,Run,1598,1607,2015-05-17 09:59:15,2015-05-17 09:59:15,51.469937,51.471868,-2.623518,-2.6212
312933836,2208.5,Run,892,917,2015-05-19 17:04:52,2015-05-19 17:04:52,51.473448,51.471164,-2.622455,-2.621776
313432318,6129.0,Run,1936,1948,2015-05-20 12:58:03,2015-05-20 12:58:03,51.466681,51.466132,-2.628963,-2.629243
314174757,2982.5,Run,1259,1323,2015-05-21 16:50:30,2015-05-21 16:50:30,51.470882,51.474321,-2.62197,-2.624116
315094658,5483.8,Run,1732,1742,2015-05-23 07:16:22,2015-05-23 07:16:22,51.471265,51.470219,-2.616254,-2.622533
316948416,3314.1,Run,1322,1322,2015-05-25 17:52:50,2015-05-25 17:52:50,51.470748,51.470753,-2.622136,-2.622219
317418536,5687.5,Run,1841,1888,2015-05-26 13:13:58,2015-05-26 13:13:58,51.469458,51.466199,-2.627791,-2.629372
319603021,5439.0,Run,1744,1744,2015-05-29 19:32:40,2015-05-29 19:32:40,51.465402,51.471081,-2.626668,-2.621858
320090101,3627.2,Run,1469,1473,2015-05-30 14:53:03,2015-05-30 14:53:03,51.471253,51.470786,-2.621774,-2.62572
320091309,4.2,Run,2,2,2015-05-30 15:18:12,2015-05-30 15:18:12,51.470823,51.470807,-2.62577,-2.625824
321006073,2181.7,Run,883,939,2015-05-31 18:47:27,2015-05-31 18:47:27,51.471067,51.471405,-2.621834,-2.629861
321018514,2716.6,Run,876,882,2015-05-31 19:03:17,2015-05-31 19:03:17,51.47134,51.469348,-2.630072,-2.623292
324780011,5788.7,Run,1800,1828,2015-06-06 13:13:38,2015-06-06 13:13:38,51.464585,51.467901,-2.627287,-2.624342
327246642,8227.9,Run,2717,2717,2015-06-09 19:14:44,2015-06-09 19:14:44,52.338291,52.338353,-1.574393,-1.574616
328650604,6376.7,Run,2127,2139,2015-06-11 17:53:25,2015-06-11 17:53:25,52.338578,52.344628,-1.574063,-1.581211
329989636,5192.8,Run,1597,1597,2015-06-13 18:59:29,2015-06-13 18:59:29,51.470935,51.470949,-2.621888,-2.621922
331398737,7482.6,Run,2116,2162,2015-06-15 18:16:42,2015-06-15 18:16:42,51.469079,51.471403,-2.6085,-2.615999
331408759,2069.0,Run,655,660,2015-06-15 18:54:11,2015-06-15 18:54:11,51.471634,51.471499,-2.615808,-2.615801
335460461,7999.6,Run,2458,2458,2015-06-21 17:38:23,2015-06-21 17:38:23,51.471572,51.471287,-2.615729,-2.621734
338174200,5291.6,Run,1554,1571,2015-06-25 19:04:52,2015-06-25 19:04:52,51.473588,51.470461,-2.616187,-2.62225
339508356,6186.7,Run,1789,1795,2015-06-27 18:36:45,2015-06-27 18:36:45,51.470228,51.470264,-2.622468,-2.622582
340902930,7141.3,Run,2196,2204,2015-06-29 18:28:34,2015-06-29 18:28:34,51.469269,51.471565,-2.607255,-2.614358
345030511,1569.1,Run,618,629,2015-07-05 17:16:41,2015-07-05 17:16:41,51.470051,51.470115,-2.622719,-2.62847
345085455,1062.2,Run,665,667,2015-07-05 17:34:17,2015-07-05 17:34:17,51.474622,51.470065,-2.623904,-2.622686
348481183,6017.4,Run,1891,1895,2015-07-10 18:28:51,2015-07-10 18:28:51,51.470157,51.470979,-2.622519,-2.621702
350620141,7771.2,Run,2427,2445,2015-07-13 18:37:40,2015-07-13 18:37:40,51.45629,51.471471,-2.614184,-2.613111
353871348,9611.5,Run,3065,3125,2015-07-18 12:00:22,2015-07-18 12:00:22,51.456497,51.455482,-2.616716,-2.614748
355609614,7730.7,Run,2431,2458,2015-07-20 18:44:02,2015-07-20 18:44:02,51.45625,51.471351,-2.614112,-2.612991
358943609,8198.3,Run,2525,2603,2015-07-25 13:21:11,2015-07-25 13:21:11,51.456286,51.461194,-2.613934,-2.621148
361407879,3008.7,Run,2847,2850,2015-07-28 18:12:45,2015-07-28 18:12:45,51.469238,51.469526,-2.623268,-2.62309
365375083,6494.2,Run,2105,2230,2015-08-03 06:59:15,2015-08-03 06:59:15,51.45629,51.471933,-2.613842,-2.625513
376415204,9881.2,Run,3183,3224,2015-08-17 15:47:01,2015-08-17 15:47:01,51.45608,51.456351,-2.614394,-2.617162
378569149,9115.7,Run,3013,3027,2015-08-20 12:12:18,2015-08-20 12:12:18,51.456361,51.457903,-2.613944,-2.618243
379974659,9615.1,Run,3456,3472,2015-08-22 10:40:31,2015-08-22 10:40:31,51.456187,51.461081,-2.614087,-2.620908
382560019,6992.2,Run,2337,2381,2015-08-25 18:06:34,2015-08-25 18:06:34,51.469879,51.469604,-2.622788,-2.623145
388709245,6214.0,Run,1835,1850,2015-09-02 18:09:12,2015-09-02 18:09:12,50.317361,50.317927,-4.798691,-4.798371
392083660,7021.2,Run,2369,2446,2015-09-07 10:37:00,2015-09-07 10:37:00,51.456795,51.456846,-2.614722,-2.620352
393953535,5720.8,Run,1912,1935,2015-09-09 19:10:23,2015-09-09 19:10:23,51.4561,51.455486,-2.614114,-2.614672
398222950,7749.8,Run,2333,2346,2015-09-15 18:09:46,2015-09-15 18:09:46,51.469232,51.455874,-2.608623,-2.614341
412092642,6043.1,Run,1910,2773,2015-10-05 12:15:43,2015-10-05 12:15:43,51.456271,51.45959,-2.614128,-2.615316
421417979,7831.9,Run,3092,3094,2015-10-19 14:13:39,2015-10-19 14:13:39,51.466375,51.456946,-2.620105,-2.617416
459296742,1010.3,Run,298,303,2015-12-21 17:15:06,2015-12-21 17:15:06,51.461409,51.45626,-2.60382,-2.61388
468024433,8240.0,Run,2772,2829,2016-01-04 09:00:36,2016-01-04 09:00:36,51.456267,51.455801,-2.614048,-2.614282
469776717,5534.9,Run,1721,1729,2016-01-06 19:11:52,2016-01-06 19:11:52,51.456307,51.455631,-2.613931,-2.614534
478424928,5059.8,Run,1649,1659,2016-01-18 17:14:54,2016-01-18 17:14:54,51.456469,51.456228,-2.614183,-2.613959
479920416,7068.5,Run,2255,2292,2016-01-20 18:59:18,2016-01-20 18:59:18,51.456302,51.456193,-2.613796,-2.614006
494898732,9104.4,Run,2925,2941,2016-02-09 17:17:19,2016-02-09 17:17:19,51.456247,51.455752,-2.613732,-2.61438
501697434,6578.6,Run,2153,2172,2016-02-18 17:07:45,2016-02-18 17:07:45,51.456252,51.455844,-2.614057,-2.614415
506650847,7335.2,Run,2394,2452,2016-02-24 18:07:59,2016-02-24 18:07:59,51.456166,51.455835,-2.613897,-2.614335
534137822,452.2,Run,168,168,2016-03-28 11:08:45,2016-03-28 11:08:45,51.456531,51.45734,-2.613824,-2.617831
541684872,10338.3,Run,3434,3465,2016-04-05 12:11:25,2016-04-05 12:11:25,51.456212,51.455743,-2.61393,-2.614535
554675301,8530.8,Run,2716,2733,2016-04-18 17:17:01,2016-04-18 17:17:01,51.456275,51.455973,-2.614017,-2.619205
556782266,6930.8,Run,2644,2771,2016-04-20 17:11:54,2016-04-20 17:11:54,51.445824,51.45627,-2.642949,-2.617834
569423704,6954.2,Run,2396,2443,2016-05-03 16:10:12,2016-05-03 16:10:12,51.456035,51.456268,-2.613988,-2.613928
570430257,9175.3,Run,2947,3024,2016-05-04 14:24:51,2016-05-04 14:24:51,51.456633,51.456244,-2.614405,-2.614054
572564945,8982.3,Run,2917,2924,2016-05-06 13:24:30,2016-05-06 13:24:30,51.456149,51.457883,-2.613873,-2.61824
584133761,8915.4,Run,2940,3046,2016-05-17 10:48:14,2016-05-17 10:48:14,51.456189,51.455439,-2.614204,-2.614506
585237354,7421.3,Run,2624,2639,2016-05-18 11:19:16,2016-05-18 11:19:16,51.456274,51.455491,-2.613951,-2.614444
590462073,9127.4,Run,2891,2991,2016-05-23 07:30:40,2016-05-23 07:30:40,51.456376,51.455508,-2.614038,-2.614912
591852865,9422.9,Run,2894,2950,2016-05-24 16:22:17,2016-05-24 16:22:17,51.456189,51.455437,-2.614169,-2.614513
593119490,8978.3,Run,2746,2761,2016-05-25 18:02:51,2016-05-25 18:02:51,51.456135,51.455335,-2.614199,-2.614391
596003361,10432.2,Run,3370,3437,2016-05-28 12:58:32,2016-05-28 12:58:32,51.456275,51.457467,-2.613896,-2.624911
600547186,9922.5,Run,3169,3176,2016-06-01 17:15:36,2016-06-01 17:15:36,51.456245,51.455578,-2.614234,-2.615255
606903734,7734.5,Run,2564,2568,2016-06-07 15:27:08,2016-06-07 15:27:08,51.456892,51.456697,-2.60924,-2.60998
609367108,8406.2,Run,2490,2497,2016-06-09 18:32:15,2016-06-09 18:32:15,51.456182,51.455432,-2.614013,-2.614649
630674220,8306.9,Run,2668,2729,2016-06-30 09:12:42,2016-06-30 09:12:42,51.456237,51.457583,-2.614146,-2.625609
631874670,10132.9,Run,3304,3353,2016-07-01 14:08:12,2016-07-01 14:08:12,51.456098,51.455465,-2.613887,-2.614624
640447278,12702.6,Run,4454,4471,2016-07-09 13:18:05,2016-07-09 13:18:05,51.456167,51.457665,-2.614416,-2.625848
642654653,10145.9,Run,3293,3302,2016-07-11 12:22:02,2016-07-11 12:22:02,51.455418,51.455521,-2.614967,-2.614791
647058266,10074.9,Run,3484,3566,2016-07-15 15:02:45,2016-07-15 15:02:45,51.456221,51.45587,-2.613899,-2.614345
649101766,10050.3,Run,3400,3493,2016-07-17 11:35:54,2016-07-17 11:35:54,51.456061,51.455446,-2.614425,-2.614553
650400060,10111.4,Run,3418,3506,2016-07-18 14:31:04,2016-07-18 14:31:04,51.456239,51.456302,-2.613777,-2.613986
655147216,7295.6,Run,2441,2760,2016-07-22 18:45:04,2016-07-22 18:45:04,51.456329,51.455476,-2.613685,-2.614671
655676199,7271.1,Run,2498,2979,2016-07-23 10:03:40,2016-07-23 10:03:40,51.456192,51.455554,-2.613719,-2.615021
658297102,11494.0,Run,3693,3754,2016-07-25 14:02:52,2016-07-25 14:02:52,51.456243,51.45547,-2.614391,-2.614775
665887513,12567.3,Run,4095,4177,2016-08-01 07:22:58,2016-08-01 07:22:58,51.455571,51.457521,-2.615109,-2.625145
668150759,15177.0,Run,4794,4854,2016-08-03 08:07:57,2016-08-03 08:07:57,51.456258,51.455495,-2.614442,-2.614751
671427861,16287.7,Run,5129,5182,2016-08-06 07:58:58,2016-08-06 07:58:58,51.456303,51.455512,-2.613952,-2.614799
673907126,10984.3,Run,3416,3476,2016-08-08 07:44:56,2016-08-08 07:44:56,51.456223,51.455421,-2.613868,-2.614693
676412428,3571.4,Run,1086,1127,2016-08-10 12:36:00,2016-08-10 12:36:00,51.456228,51.464265,-2.613951,-2.627181
676433302,1502.5,Run,487,492,2016-08-10 13:10:00,2016-08-10 13:10:00,51.468485,51.457581,-2.623086,-2.62544
682277997,6175.1,Run,1877,2026,2016-08-15 15:23:12,2016-08-15 15:23:12,51.456228,51.47347,-2.61385,-2.624927
682301446,2981.0,Run,915,919,2016-08-15 16:02:45,2016-08-15 16:02:45,51.473311,51.457621,-2.625152,-2.625402
708617343,8385.4,Run,2745,2795,2016-09-07 06:10:59,2016-09-07 06:10:59,51.752295,51.752466,-1.253764,-1.256025
717180222,7543.1,Run,2616,2620,2016-09-14 11:56:44,2016-09-14 11:56:44,51.456133,51.467205,-2.614093,-2.624988
726065954,9267.7,Run,2877,2921,2016-09-22 07:26:51,2016-09-22 07:26:51,51.456237,51.457319,-2.613969,-2.624037
730977042,9973.4,Run,3087,3323,2016-09-26 14:48:36,2016-09-26 14:48:36,51.456294,51.455461,-2.613804,-2.614484
734833531,10116.8,Run,3227,3305,2016-09-30 07:09:12,2016-09-30 07:09:12,51.456259,51.45544,-2.613919,-2.614698
738375948,10368.7,Run,3477,3487,2016-10-03 14:04:54,2016-10-03 14:04:54,51.456217,51.457556,-2.613848,-2.625208
752632687,10072.3,Run,3172,3186,2016-10-17 07:23:07,2016-10-17 07:23:07,51.456211,51.455485,-2.613945,-2.614725
1100693265,8653.5,Ride,1553,1659,2017-07-22 08:25:10,2017-07-22 08:25:10,51.436364,51.457704,-2.553996,-2.607055
1101185046,13879.0,Ride,2975,4120,2017-07-22 12:48:53,2017-07-22 12:48:53,51.45744,51.43602,-2.607048,-2.554132
1104154818,8692.0,Ride,1664,1918,2017-07-24 07:56:48,2017-07-24 07:56:48,51.436302,51.457979,-2.553886,-2.607042
1105656292,15585.7,Ride,3329,3901,2017-07-25 08:06:58,2017-07-25 08:06:58,51.436379,51.45734,-2.554388,-2.608087
1106617000,8623.8,Ride,12110,13002,2017-07-25 16:17:17,2017-07-25 16:17:17,51.458038,51.436377,-2.606995,-2.555196
1110873798,4142.8,Run,1915,4894,2017-07-28 08:01:06,2017-07-28 08:01:06,51.436127,51.43766,-2.554336,-2.557349
1110913551,6305.8,Ride,1259,1824,2017-07-28 15:03:12,2017-07-28 15:03:12,51.45797,51.436566,-2.607133,-2.554323
1115332505,4821.9,Run,1871,2932,2017-07-31 07:25:17,2017-07-31 07:25:17,51.436572,51.436097,-2.55435,-2.554215
1115374407,8708.3,Ride,1683,2234,2017-07-31 08:32:44,2017-07-31 08:32:44,51.436322,51.457826,-2.555224,-2.606974
1115966705,6451.9,Ride,1230,1691,2017-07-31 16:48:15,2017-07-31 16:48:15,51.457654,51.436412,-2.606867,-2.554151
1116991325,6275.8,Ride,1662,1850,2017-08-01 09:04:39,2017-08-01 09:04:39,51.436285,51.457857,-2.55418,-2.606867
1118831122,5576.4,Run,2076,2404,2017-08-02 09:44:44,2017-08-02 09:44:44,51.437024,51.458877,-2.556758,-2.602718
1138058970,7261.7,Ride,1302,1630,2017-08-14 07:47:43,2017-08-14 07:47:43,51.436232,51.457809,-2.554102,-2.606914
1138744398,7753.9,Ride,1393,1737,2017-08-14 16:56:58,2017-08-14 16:56:58,51.457739,51.436489,-2.606738,-2.554264
1149620170,7712.8,Ride,1357,1602,2017-08-21 08:55:00,2017-08-21 08:55:00,51.43635,51.457932,-2.553769,-2.607043
1150118709,16800.7,Ride,3174,5043,2017-08-21 15:06:27,2017-08-21 15:06:27,51.457879,51.43619,-2.606791,-2.554137
1151147922,8195.8,Ride,1613,1836,2017-08-22 08:40:26,2017-08-22 08:40:26,51.436377,51.457728,-2.553999,-2.607064
1151755773,9555.3,Ride,1968,2123,2017-08-22 16:05:27,2017-08-22 16:05:27,51.457747,51.436209,-2.606659,-2.55452
1153006508,5330.7,Ride,986,1082,2017-08-23 10:31:05,2017-08-23 10:31:05,51.436288,51.457703,-2.554535,-2.607042
1153406683,25694.6,Ride,4470,5634,2017-08-23 14:14:55,2017-08-23 14:14:55,51.457855,51.436242,-2.607259,-2.554123
1164665304,5340.8,Ride,1011,1374,2017-08-30 08:13:50,2017-08-30 08:13:50,51.436126,51.457798,-2.554507,-2.607033
1172693564,9597.6,Ride,1728,2544,2017-08-30 18:35:24,2017-08-30 18:35:24,51.473832,51.436627,-2.621184,-2.5545
1172711565,5803.7,Ride,1028,1221,2017-09-04 07:29:03,2017-09-04 07:29:03,51.436244,51.457821,-2.553933,-2.606935
1194883114,12550.7,Ride,2469,2675,2017-09-18 07:56:33,2017-09-18 07:56:33,51.436153,51.457765,-2.554321,-2.60699
1196283443,5507.4,Ride,1032,1096,2017-09-19 08:00:53,2017-09-19 08:00:53,51.436014,51.457119,-2.553883,-2.607869
1196977934,13524.9,Ride,2626,2914,2017-09-19 16:47:47,2017-09-19 16:47:47,51.457718,51.436093,-2.606775,-2.554043
1199705730,5429.2,Ride,1155,1282,2017-09-21 12:22:03,2017-09-21 12:22:03,51.437454,51.457817,-2.551859,-2.607126
1205932753,7870.5,Ride,1483,1626,2017-09-25 07:30:52,2017-09-25 07:30:52,51.436183,51.457779,-2.553975,-2.606973
1206400138,14754.7,Ride,2797,2935,2017-09-25 14:53:22,2017-09-25 14:53:22,51.45788,51.436243,-2.607028,-2.55402
1207399297,5804.7,Ride,1108,1165,2017-09-26 07:45:16,2017-09-26 07:45:16,51.436378,51.457846,-2.554182,-2.606972
1207828990,6075.8,Ride,1162,1344,2017-09-26 13:58:20,2017-09-26 13:58:20,51.456545,51.436159,-2.613597,-2.554405
1209111620,11152.4,Ride,2022,2173,2017-09-27 08:26:22,2017-09-27 08:26:22,51.43598,51.457892,-2.554148,-2.607016
1213555257,8998.9,Ride,1953,2296,2017-09-30 09:31:44,2017-09-30 09:31:44,51.436194,51.457069,-2.553642,-2.601403
1241212155,13378.8,Ride,2569,2769,2017-10-18 11:49:09,2017-10-18 11:49:09,51.436169,51.457892,-2.553723,-2.606912
1243935255,9508.7,Ride,1837,2431,2017-10-20 09:31:04,2017-10-20 09:31:04,51.436502,51.457725,-2.553772,-2.607192
1249845765,8004.0,Ride,1624,1892,2017-10-24 09:09:07,2017-10-24 09:09:07,51.436364,51.457952,-2.553982,-2.607444
1251298678,3607.6,Run,1208,1214,2017-10-25 10:57:27,2017-10-25 10:57:27,51.436279,51.436202,-2.553847,-2.554072
1251587369,28293.9,Ride,11088,13558,2017-10-25 11:32:28,2017-10-25 11:32:28,51.436282,51.436423,-2.553821,-2.554329
1259020749,15046.9,Ride,2971,4099,2017-10-30 16:56:12,2017-10-30 16:56:12,51.436307,51.436405,-2.554028,-2.554388
1272044249,12928.5,Ride,2612,2732,2017-11-08 16:18:07,2017-11-08 16:18:07,51.457986,51.436661,-2.606788,-2.554258
1278660464,14505.3,Ride,2795,3057,2017-11-13 09:48:21,2017-11-13 09:48:21,51.436328,51.457813,-2.554123,-2.606994
1300743167,19323.2,Ride,3819,4214,2017-11-29 14:59:36,2017-11-29 14:59:36,51.457907,51.436244,-2.60729,-2.554103
1318011536,8077.6,Ride,1716,3462,2017-12-13 14:40:18,2017-12-13 14:40:18,51.458102,51.450833,-2.607045,-2.552945
1328158361,6404.3,Run,2287,2386,2017-12-22 11:11:19,2017-12-22 11:11:19,51.43651,51.436123,-2.554057,-2.55412
1338338365,9334.5,Run,3224,3421,2017-12-27 13:54:25,2017-12-27 13:54:25,51.436636,51.436061,-2.553747,-2.554491
1338338409,12626.0,Run,4222,4572,2017-12-30 12:22:20,2017-12-30 12:22:20,51.436556,51.43708,-2.554053,-2.55315
1344370236,8453.9,Ride,2008,2165,2018-01-03 16:31:55,2018-01-03 16:31:55,51.460376,51.436329,-2.486666,-2.554141
1344370296,10747.0,Ride,2394,2551,2018-01-03 08:13:46,2018-01-03 08:13:46,51.434037,51.457861,-2.552554,-2.606974
1354094782,4849.1,Run,1666,1784,2018-01-09 18:28:14,2018-01-09 18:28:14,51.436402,51.43426,-2.554337,-2.562152
1355045063,11515.7,Ride,2618,3432,2018-01-10 09:02:54,2018-01-10 09:02:54,51.436296,51.457824,-2.553917,-2.607091
1364932327,8261.4,Run,2961,3118,2018-01-16 08:38:03,2018-01-16 08:38:03,51.436557,51.436108,-2.554281,-2.554058
1377907471,12367.6,Run,3990,4204,2018-01-24 08:49:59,2018-01-24 08:49:59,51.436583,51.436383,-2.554246,-2.55431
1389792860,7227.9,Run,2396,2661,2018-01-31 12:12:59,2018-01-31 12:12:59,51.436622,51.45761,-2.554711,-2.606925
1390352949,6176.2,Run,2098,2445,2018-01-31 18:30:10,2018-01-31 18:30:10,51.458543,51.436088,-2.607503,-2.5541
1397810227,6181.5,Run,1978,2155,2018-02-05 08:36:03,2018-02-05 08:36:03,51.436525,51.457859,-2.554159,-2.606996
1397906736,2548.5,Run,735,881,2018-02-05 10:56:52,2018-02-05 10:56:52,51.457628,51.449345,-2.606743,-2.580538
1397960377,4024.2,Run,1487,1620,2018-02-05 11:39:03,2018-02-05 11:39:03,51.377652,51.357033,-2.357276,-2.369869
1400947570,7985.4,Run,2620,2950,2018-02-07 08:52:59,2018-02-07 08:52:59,51.436464,51.457483,-2.554197,-2.606849
1401508134,7541.4,Run,2911,3333,2018-02-07 16:25:29,2018-02-07 16:25:29,51.456998,51.436332,-2.60698,-2.554236
1412345949,14610.2,Run,4789,5016,2018-02-14 11:21:50,2018-02-14 11:21:50,51.436276,51.435948,-2.554051,-2.553808
1413939194,6516.8,Run,2097,2309,2018-02-15 14:06:29,2018-02-15 14:06:29,51.436237,51.45804,-2.554038,-2.607104
1432408874,2257.2,Run,730,1334,2018-02-21 15:30:43,2018-02-21 15:30:43,51.445965,51.436143,-2.5472,-2.554005
1432481045,15747.2,Ride,3131,3258,2018-02-26 16:45:58,2018-02-26 16:45:58,51.457653,51.436409,-2.606652,-2.554324
1434008049,7233.7,Ride,1372,2246,2018-02-27 17:34:04,2018-02-27 17:34:04,51.457675,51.443554,-2.607039,-2.559535
1476086023,36228.9,Ride,6232,6930,2018-03-25 09:46:29,2018-03-25 09:46:29,51.435543,51.436321,-2.554757,-2.554186
1550738880,6158.4,Run,1948,2143,2018-05-02 17:01:02,2018-05-02 17:01:02,51.457572,51.436005,-2.6068,-2.555049
1567844315,11147.5,Ride,1983,2208,2018-05-10 16:32:37,2018-05-10 16:32:37,51.449448,51.436517,-2.594146,-2.554009
1569158852,5110.0,Run,1572,1773,2018-05-11 08:03:59,2018-05-11 08:03:59,51.43651,51.453404,-2.554438,-2.601217
1576976729,23425.7,Ride,4043,4317,2018-05-14 15:34:46,2018-05-14 15:34:46,51.457749,51.436342,-2.607075,-2.554233
1626481844,23134.6,Ride,3880,4041,2018-06-06 15:47:30,2018-06-06 15:47:30,51.436149,51.4365,-2.553857,-2.554612
1635056410,39745.1,Ride,6567,7205,2018-06-10 12:55:56,2018-06-10 12:55:56,51.436328,51.436406,-2.554366,-2.554263
1636993513,34819.3,Ride,6072,7384,2018-06-11 12:13:16,2018-06-11 12:13:16,51.436565,51.436388,-2.554765,-2.554269
1641505580,5058.4,Run,1978,2019,2018-06-13 16:15:07,2018-06-13 16:15:07,51.436209,51.435967,-2.554289,-2.554293
1645064547,18180.4,Ride,3746,4311,2018-06-15 10:41:13,2018-06-15 10:41:13,51.436154,51.436397,-2.554323,-2.554232
1655383990,3693.0,Ride,612,700,2018-06-20 07:49:19,2018-06-20 07:49:19,51.436544,51.449277,-2.55453,-2.594235
1656113980,15966.4,Ride,2965,3276,2018-06-20 15:12:39,2018-06-20 15:12:39,51.449153,51.436405,-2.594429,-2.554246
1659621456,6305.3,Run,2087,2270,2018-06-22 08:01:32,2018-06-22 08:01:32,51.436769,51.457685,-2.554165,-2.606872
1664625589,1484.8,Ride,321,504,2018-06-24 14:46:36,2018-06-24 14:46:36,51.43661,51.434564,-2.553695,-2.542363
1664828288,6629.9,Ride,1134,1254,2018-06-24 15:49:10,2018-06-24 15:49:10,51.440048,51.436278,-2.519669,-2.554211
1666075782,12705.1,Ride,2468,2731,2018-06-25 08:27:55,2018-06-25 08:27:55,51.436345,51.457846,-2.55434,-2.606948
1673226257,20240.3,Ride,3809,4782,2018-06-28 15:25:10,2018-06-28 15:25:10,51.457725,51.436258,-2.606893,-2.554133
1674482746,3767.9,Ride,625,832,2018-06-29 08:31:46,2018-06-29 08:31:46,51.436242,51.449384,-2.554497,-2.594231
1680924732,21244.1,Ride,3873,4230,2018-07-02 08:14:54,2018-07-02 08:14:54,51.445975,51.457868,-2.547074,-2.606902
1683689763,5436.5,Run,1967,2093,2018-07-03 15:53:44,2018-07-03 15:53:44,51.457755,51.438132,-2.607358,-2.566226
1683728393,1080.2,Run,668,838,2018-07-03 16:30:10,2018-07-03 16:30:10,51.437986,51.436073,-2.565127,-2.554127
1685200358,5398.1,Ride,895,1302,2018-07-04 09:44:22,2018-07-04 09:44:22,51.445947,51.450259,-2.547076,-2.594379
1689396067,4045.4,Ride,826,1145,2018-07-06 08:20:59,2018-07-06 08:20:59,51.436383,51.449386,-2.554245,-2.594325
1690164898,557.4,Run,161,167,2018-07-06 16:37:22,2018-07-06 16:37:22,51.434745,51.434775,-2.542771,-2.542766
1698100932,23927.7,Ride,3871,4142,2018-07-10 08:03:48,2018-07-10 08:03:48,51.436026,51.457854,-2.554492,-2.60701
1698907811,6467.2,Ride,1306,2705,2018-07-10 16:05:36,2018-07-10 16:05:36,51.45782,51.43642,-2.606868,-2.554273
1700263268,14396.4,Ride,2482,2686,2018-07-11 07:48:40,2018-07-11 07:48:40,51.436244,51.472336,-2.554866,-2.619293
1700284854,1998.5,Run,628,941,2018-07-11 08:34:33,2018-07-11 08:34:33,51.472402,51.47232,-2.619558,-2.619312
1700296195,2211.3,Ride,402,465,2018-07-11 08:52:55,2018-07-11 08:52:55,51.472302,51.457886,-2.619389,-2.607046
1700949612,6450.3,Ride,1168,1390,2018-07-11 15:14:46,2018-07-11 15:14:46,51.457706,51.436263,-2.60702,-2.554125
1702819746,8492.5,Ride,1696,2305,2018-07-12 12:46:38,2018-07-12 12:46:38,51.457858,51.446097,-2.606778,-2.547377
1711195402,3711.6,Ride,645,1370,2018-07-16 08:37:04,2018-07-16 08:37:04,51.436637,51.449329,-2.554359,-2.594024
1711313349,1846.5,Ride,479,618,2018-07-16 10:30:09,2018-07-16 10:30:09,51.449408,51.457856,-2.594616,-2.607084
1711913240,14518.5,Ride,2584,2857,2018-07-16 15:58:56,2018-07-16 15:58:56,51.458011,51.436272,-2.606552,-2.55433
1713314929,14319.3,Ride,2688,3188,2018-07-17 08:59:36,2018-07-17 08:59:36,51.436238,51.472322,-2.555029,-2.619272
1713340974,2034.5,Run,667,924,2018-07-17 09:54:58,2018-07-17 09:54:58,51.472145,51.47227,-2.619556,-2.619141
1713364383,2327.0,Ride,465,678,2018-07-17 10:14:23,2018-07-17 10:14:23,51.472211,51.457608,-2.61956,-2.607227
1714060740,5707.6,Ride,1071,1196,2018-07-17 16:20:17,2018-07-17 16:20:17,51.457682,51.436503,-2.607459,-2.553265
1715539440,3789.6,Ride,634,796,2018-07-18 08:11:20,2018-07-18 08:11:20,51.436081,51.44964,-2.554129,-2.593961
1715794126,17069.5,Ride,2868,3227,2018-07-18 10:28:10,2018-07-18 10:28:10,51.449452,51.457789,-2.594249,-2.607018
1716433953,6128.3,Ride,1329,1971,2018-07-18 16:26:20,2018-07-18 16:26:20,51.457796,51.436513,-2.606937,-2.554323
1717892972,8101.1,Ride,1501,1961,2018-07-19 08:33:20,2018-07-19 08:33:20,51.436124,51.457761,-2.554684,-2.607528
1718828172,6090.3,Ride,1480,5831,2018-07-19 16:10:27,2018-07-19 16:10:27,51.457721,51.436394,-2.606887,-2.553947
1720148621,22252.7,Ride,3659,4003,2018-07-20 08:46:10,2018-07-20 08:46:10,51.436342,51.457807,-2.554051,-2.607049
1720868868,5368.6,Ride,1130,1354,2018-07-20 16:35:25,2018-07-20 16:35:25,51.457882,51.436458,-2.606919,-2.554362
1727212550,27791.8,Ride,4792,5049,2018-07-23 08:43:32,2018-07-23 08:43:32,51.436599,51.457804,-2.554069,-2.606962
1728367976,6384.3,Ride,1686,13030,2018-07-23 16:33:42,2018-07-23 16:33:42,51.457737,51.436537,-2.606982,-2.554525
1729331886,8337.1,Ride,1607,1804,2018-07-24 09:14:39,2018-07-24 09:14:39,51.435659,51.457709,-2.555094,-2.606944
1730596063,10380.0,Ride,1768,6408,2018-07-24 17:50:24,2018-07-24 17:50:24,51.457898,51.436447,-2.606697,-2.55462
1734000178,24418.9,Ride,3890,4042,2018-07-26 09:44:04,2018-07-26 09:44:04,51.43648,51.457893,-2.554704,-2.607213
1734682554,6035.7,Ride,1131,1949,2018-07-26 16:32:16,2018-07-26 16:32:16,51.457855,51.437096,-2.607298,-2.55449
1736080486,6880.6,Ride,1479,1723,2018-07-27 09:06:05,2018-07-27 09:06:05,51.436248,51.457652,-2.554212,-2.607365
1736651001,2070.3,Ride,457,606,2018-07-27 15:29:02,2018-07-27 15:29:02,51.457655,51.472298,-2.607046,-2.619282
1736669978,1967.3,Run,636,658,2018-07-27 15:40:20,2018-07-27 15:40:20,51.472229,51.472128,-2.619352,-2.618889
1736720694,8043.5,Ride,1496,1663,2018-07-27 15:54:14,2018-07-27 15:54:14,51.472311,51.436418,-2.619348,-2.554293
1747251337,25067.3,Ride,4785,5219,2018-08-01 08:24:43,2018-08-01 08:24:43,51.436254,51.43979,-2.554286,-2.559878
1747265105,1539.0,Run,513,520,2018-08-01 09:56:16,2018-08-01 09:56:16,51.439662,51.439783,-2.560615,-2.56007
1749560478,6164.8,Ride,1210,1362,2018-08-02 08:20:52,2018-08-02 08:20:52,51.436131,51.457765,-2.553802,-2.607049
1758679132,6620.4,Ride,1224,1378,2018-08-06 08:54:24,2018-08-06 08:54:24,51.43603,51.454551,-2.554244,-2.61879
1760828588,6827.1,Ride,1426,1859,2018-08-07 09:10:15,2018-08-07 09:10:15,51.436273,51.457755,-2.554523,-2.607494
1767873403,6850.5,Ride,1459,5595,2018-08-10 12:01:39,2018-08-10 12:01:39,51.436318,51.457166,-2.554191,-2.608252
1774137652,10017.7,Ride,1868,1954,2018-08-13 08:48:48,2018-08-13 08:48:48,51.43629,51.456778,-2.554177,-2.613349
1774914299,6139.0,Ride,1158,1347,2018-08-13 16:46:48,2018-08-13 16:46:48,51.457649,51.436398,-2.607,-2.554368
1776466611,24599.7,Ride,4449,4933,2018-08-14 10:04:06,2018-08-14 10:04:06,51.43633,51.457759,-2.554312,-2.606985
1777051062,6193.2,Ride,1224,1361,2018-08-14 16:07:01,2018-08-14 16:07:01,51.45767,51.436439,-2.607286,-2.554281
1790041307,14196.7,Ride,2579,3002,2018-08-20 08:53:08,2018-08-20 08:53:08,51.435968,51.457958,-2.554018,-2.60699
1810281799,24282.7,Ride,4103,4917,2018-08-29 09:49:30,2018-08-29 09:49:30,51.43632,51.45783,-2.554008,-2.607244
1810871128,6103.3,Ride,1235,1499,2018-08-29 16:08:17,2018-08-29 16:08:17,51.458083,51.436333,-2.607461,-2.554504
1856869055,6025.2,Run,2133,2515,2018-09-19 08:15:15,2018-09-19 08:15:15,51.436465,51.437283,-2.554186,-2.55314
1876409440,5978.4,Run,2033,2152,2018-09-28 15:07:59,2018-09-28 15:07:59,51.457109,51.435956,-2.601916,-2.554513
1884860216,6508.5,Run,2124,2307,2018-10-02 14:54:21,2018-10-02 14:54:21,51.458146,51.436021,-2.607422,-2.554496
1897382111,8617.2,Ride,1633,1949,2018-10-08 15:09:12,2018-10-08 15:09:12,51.457769,51.436195,-2.606989,-2.554193
1899391910,5883.8,Run,2059,2185,2018-10-09 15:01:09,2018-10-09 15:01:09,51.457893,51.436003,-2.607311,-2.55449
1901485803,8375.0,Run,2952,3055,2018-10-10 14:19:08,2018-10-10 14:19:08,51.435897,51.435518,-2.554415,-2.551434
1919659426,22655.4,Ride,4583,5178,2018-10-19 13:32:56,2018-10-19 13:32:56,51.457607,51.436453,-2.606594,-2.554304
1926067608,6411.6,Run,1981,2131,2018-10-22 14:33:07,2018-10-22 14:33:07,51.456464,51.436225,-2.605908,-2.554028
1929915980,19537.1,Ride,3448,3772,2018-10-24 13:07:28,2018-10-24 13:07:28,51.45533,51.436378,-2.587785,-2.554107
1941221338,5892.5,Run,1957,2163,2018-10-30 15:34:53,2018-10-30 15:34:53,51.457134,51.436314,-2.60264,-2.554069
1944951903,11156.7,Ride,2165,2476,2018-10-31 16:23:46,2018-10-31 16:23:46,51.458235,51.436379,-2.601036,-2.554244
1945011421,6231.0,Run,1962,2062,2018-11-01 15:49:01,2018-11-01 15:49:01,51.458151,51.436078,-2.607412,-2.554507
1952915076,6699.5,Run,2340,2495,2018-11-05 15:47:02,2018-11-05 15:47:02,51.458185,51.436075,-2.607069,-2.553826
1971641824,17209.5,Ride,3024,3414,2018-11-15 16:06:04,2018-11-15 16:06:04,51.457814,51.436292,-2.606973,-2.554402
1993121130,4961.2,Run,1634,1667,2018-11-27 16:34:41,2018-11-27 16:34:41,51.457955,51.436077,-2.606999,-2.554776
2004595488,5574.4,Ride,1129,1267,2018-12-04 09:28:23,2018-12-04 09:28:23,51.436311,51.457815,-2.554135,-2.60718
2034851515,8016.5,Run,2742,2748,2018-12-22 12:43:36,2018-12-22 12:43:36,52.329925,52.330857,-2.295386,-2.2957
2038025075,5171.4,Run,1732,1779,2018-12-24 09:03:19,2018-12-24 09:03:19,52.329924,52.329876,-2.294456,-2.295479
2071449707,5592.9,Run,1851,1946,2019-01-09 09:57:08,2019-01-09 09:57:08,51.436458,51.456029,-2.554032,-2.605998
2082892410,5192.5,Run,2054,2204,2019-01-14 08:56:10,2019-01-14 08:56:10,51.436543,51.456682,-2.554107,-2.606218
2090401970,268.4,Run,2676,2898,2019-01-17 16:39:11,2019-01-17 16:39:11,51.460039,51.458039,-2.607797,-2.607598
3469800004,16289.7,Ride,3054,5086,2020-05-17 07:54:52,2020-05-17 07:54:52,51.308393,51.308341,-2.502556,-2.502322
3471584028,7475.8,Walk,6188,6332,2020-05-17 11:56:51,2020-05-17 11:56:51,51.301736,51.308369,-2.496545,-2.502472
3493074454,13438.5,Ride,2756,3005,2020-05-21 11:56:20,2020-05-21 11:56:20,51.308412,51.339162,-2.502422,-2.421644
3563504337,1999.0,Run,860,1020,2020-06-03 15:03:53,2020-06-03 15:03:53,51.308412,51.308561,-2.502534,-2.502687
3583772965,5148.0,Run,1947,1998,2020-06-07 14:19:27,2020-06-07 14:19:27,51.308407,51.308409,-2.502555,-2.502397
3588004529,5173.9,Run,1978,2029,2020-06-08 12:47:39,2020-06-08 12:47:39,51.308396,51.308366,-2.502556,-2.502467
3606994253,5388.3,Run,1934,1943,2020-06-12 07:59:33,2020-06-12 07:59:33,51.308343,51.308346,-2.502517,-2.502293
3613998752,6134.7,Run,2105,2124,2020-06-13 15:28:03,2020-06-13 15:28:03,51.308379,51.30835,-2.502534,-2.502465
3622659554,6905.5,Run,2466,2495,2020-06-15 07:41:55,2020-06-15 07:41:55,51.308411,51.308435,-2.502536,-2.502446
3627574734,6998.8,Run,2347,2396,2020-06-16 07:31:46,2020-06-16 07:31:46,51.308412,51.308434,-2.502551,-2.502547
3633979131,7907.8,Run,3098,3192,2020-06-17 12:26:55,2020-06-17 12:26:55,51.308372,51.308407,-2.502543,-2.502327
3649529094,4428.8,Run,1514,1543,2020-06-20 15:31:22,2020-06-20 15:31:22,51.308415,51.308387,-2.502556,-2.502475
3655231750,6460.6,Run,2221,2240,2020-06-21 15:51:47,2020-06-21 15:51:47,51.30838,51.308379,-2.50222,-2.502469
3659796597,5508.8,Run,1817,1841,2020-06-22 12:41:13,2020-06-22 12:41:13,51.308348,51.308382,-2.502509,-2.502478
3668339561,5509.4,Run,1836,1856,2020-06-24 07:53:07,2020-06-24 07:53:07,51.308416,51.308399,-2.502556,-2.502502
3673155498,5189.0,Run,1736,1784,2020-06-25 06:47:21,2020-06-25 06:47:21,51.308301,51.308381,-2.502191,-2.502451
3678319694,5467.0,Run,1810,1845,2020-06-26 07:09:49,2020-06-26 07:09:49,51.308429,51.308391,-2.502439,-2.502515
3681938745,3747.1,Run,1145,1153,2020-06-27 06:01:53,2020-06-27 06:01:53,51.308422,51.308354,-2.502559,-2.502491
3687100345,7442.6,Run,2505,2522,2020-06-28 07:33:30,2020-06-28 07:33:30,51.308444,51.308429,-2.502461,-2.502463
3693168716,8019.0,Run,2855,2880,2020-06-29 12:02:54,2020-06-29 12:02:54,51.3084,51.308328,-2.502551,-2.50244
3697789537,5570.2,Run,1899,1918,2020-06-30 12:04:56,2020-06-30 12:04:56,51.30841,51.308321,-2.502538,-2.502455
3703618536,5385.3,Run,1812,1851,2020-07-01 14:01:20,2020-07-01 14:01:20,51.308402,51.308403,-2.502392,-2.50247
3707863537,5827.9,Run,2178,2288,2020-07-02 12:57:15,2020-07-02 12:57:15,51.308408,51.30826,-2.502434,-2.502325
3712617554,5349.1,Run,1820,1830,2020-07-03 13:28:00,2020-07-03 13:28:00,51.308295,51.308355,-2.502452,-2.502494
3721207312,8247.6,Run,2986,3061,2020-07-05 08:32:37,2020-07-05 08:32:37,51.308377,51.308354,-2.502392,-2.502395
3727602137,6846.6,Run,2276,2294,2020-07-06 14:10:16,2020-07-06 14:10:16,51.308362,51.308362,-2.502481,-2.5025
3732230907,5090.3,Run,1703,1713,2020-07-07 14:03:25,2020-07-07 14:03:25,51.308278,51.308415,-2.502479,-2.502483
3741496354,6172.4,Run,2126,2126,2020-07-09 12:20:20,2020-07-09 12:20:20,51.308435,51.308374,-2.502565,-2.502439
3745277465,7323.5,Run,2482,2482,2020-07-10 07:31:22,2020-07-10 07:31:22,51.308408,51.308352,-2.502585,-2.502465
3751401283,7142.5,Run,2616,2668,2020-07-11 13:47:43,2020-07-11 13:47:43,51.308336,51.308385,-2.502514,-2.502458
3754688964,6248.6,Run,2240,2345,2020-07-12 07:47:23,2020-07-12 07:47:23,51.308312,51.308397,-2.502412,-2.502406
3760991436,6366.3,Run,2350,2392,2020-07-13 12:06:50,2020-07-13 12:06:50,51.308222,51.30834,-2.502245,-2.502339
3779582736,8182.8,Run,2821,2847,2020-07-17 07:05:54,2020-07-17 07:05:54,51.308284,51.308404,-2.502463,-2.502497
3786318305,5265.0,Run,1809,1816,2020-07-18 15:21:58,2020-07-18 15:21:58,51.308376,51.308392,-2.502452,-2.502457
3789061269,10254.6,Run,3652,3661,2020-07-19 07:16:54,2020-07-19 07:16:54,51.308387,51.308379,-2.502406,-2.50248
3794427166,9027.8,Run,3220,3291,2020-07-20 06:49:46,2020-07-20 06:49:46,51.308416,51.30835,-2.502566,-2.502325
3995328159,310.4,Run,2124,2141,2020-08-31 07:34:16,2020-08-31 07:34:16,51.308099,51.308396,-2.502,-2.502597
4001067568,1189.3,Run,472,791,2020-09-01 12:46:36,2020-09-01 12:46:36,51.30844,51.308523,-2.502619,-2.493736
4005859506,2239.6,Run,138,1132,2020-09-02 12:04:46,2020-09-02 12:04:46,51.308405,51.302575,-2.502358,-2.476913
4010737659,186.5,Run,68,84,2020-09-03 12:39:08,2020-09-03 12:39:08,51.308392,51.309461,-2.502529,-2.500879
4015573822,717.1,Run,1743,1763,2020-09-04 13:48:35,2020-09-04 13:48:35,51.308171,51.302676,-2.502272,-2.49972
4026616523,2273.9,Run,1626,1787,2020-09-06 14:58:52,2020-09-06 14:58:52,51.308288,51.308423,-2.502267,-2.502553
4035197055,511.5,Run,160,166,2020-09-08 13:57:49,2020-09-08 13:57:49,51.308196,51.312243,-2.502273,-2.499856
4039961719,641.7,Run,2610,3170,2020-09-09 13:05:37,2020-09-09 13:05:37,51.308156,51.318352,-2.502255,-2.503103
4044503781,2961.7,Run,2226,2679,2020-09-10 12:25:33,2020-09-10 12:25:33,51.308443,51.303663,-2.502505,-2.505827
4044722646,978.4,Run,1142,1166,2020-09-10 13:48:45,2020-09-10 13:48:45,51.308129,51.307247,-2.502174,-2.510437
4048961436,1344.2,Run,1371,1859,2020-09-11 12:12:23,2020-09-11 12:12:23,51.308238,51.302278,-2.502322,-2.504605
4063544650,1166.3,Run,1236,1238,2020-09-14 12:37:01,2020-09-14 12:37:01,51.308392,51.302818,-2.50254,-2.501497
4063611938,243.2,Run,80,80,2020-09-14 13:10:22,2020-09-14 13:10:22,51.301103,51.302288,-2.50413,-2.505563
4073137097,359.0,Run,1892,1912,2020-09-16 11:30:05,2020-09-16 11:30:05,51.30839,51.313713,-2.502384,-2.518905
4078313197,4193.3,Run,1913,2253,2020-09-17 13:09:18,2020-09-17 13:09:18,51.308428,51.302359,-2.502428,-2.505487
4081865770,1259.0,Run,3726,4199,2020-09-18 07:55:59,2020-09-18 07:55:59,51.308395,51.30843,-2.502477,-2.502447
4088013829,702.1,Run,1346,1375,2020-09-19 14:55:18,2020-09-19 14:55:18,51.308376,51.30163,-2.502461,-2.505454
4091294276,6581.9,Run,2407,2792,2020-09-20 08:46:43,2020-09-20 08:46:43,51.308405,51.308284,-2.502481,-2.502357
4102125512,480.9,Run,2211,2734,2020-09-22 13:40:31,2020-09-22 13:40:31,51.308391,51.302517,-2.502446,-2.505624
4111592107,1018.3,Run,1685,1695,2020-09-24 14:36:32,2020-09-24 14:36:32,51.308402,51.302981,-2.502472,-2.500787
4118239057,3419.3,Run,1800,1904,2020-09-26 07:40:00,2020-09-26 07:40:00,54.583941,54.587471,-2.873758,-2.865
4127930992,2237.1,Run,1382,1395,2020-09-28 06:40:08,2020-09-28 06:40:08,54.58395,54.596154,-2.873754,-2.8786
4168728744,172.0,Run,33,70,2020-10-05 14:39:26,2020-10-05 14:39:26,51.308405,51.309129,-2.502547,-2.501042
4168888507,174.2,Run,61,71,2020-10-07 14:42:33,2020-10-07 14:42:33,51.308407,51.307233,-2.502569,-2.501618
4173014498,232.1,Run,68,483,2020-10-08 14:03:19,2020-10-08 14:03:19,51.308437,51.309806,-2.502509,-2.500864
4176972354,476.0,StandUpPaddling,137,1152,2020-10-09 12:31:44,2020-10-09 12:31:44,51.308116,51.302857,-2.502305,-2.501142
4187014956,2905.2,Run,3047,3054,2020-10-11 14:44:36,2020-10-11 14:44:36,51.308247,51.323701,-2.502153,-2.529695
4190886767,181.6,Run,57,71,2020-10-12 14:44:24,2020-10-12 14:44:24,51.308477,51.307371,-2.502415,-2.501941
4195251992,234.4,Run,94,99,2020-10-13 15:26:34,2020-10-13 15:26:34,51.308417,51.306836,-2.502549,-2.500834
4853173388,6933.6,Run,2445,3793,2021-02-25 13:34:51,2021-02-25 13:34:51,51.308336,51.308316,-2.502186,-2.502296
5764544292,5967.3,Run,2076,2094,2021-08-08 14:29:33,2021-08-08 14:29:33,51.308444,51.308324,-2.502643,-2.502377
5774670336,5740.0,Run,1972,1982,2021-08-10 13:22:21,2021-08-10 13:22:21,51.308347,51.308313,-2.502344,-2.502363
5780201937,6726.8,Run,2334,2350,2021-08-11 12:09:04,2021-08-11 12:09:04,51.308397,51.308464,-2.502528,-2.502348
5786684325,6097.0,Run,2154,2167,2021-08-12 14:47:17,2021-08-12 14:47:17,51.308408,51.308371,-2.502536,-2.502419
5794531089,3376.5,Run,1097,1104,2021-08-14 06:53:32,2021-08-14 06:53:32,51.308365,51.308321,-2.502459,-2.502405
5802482510,4325.4,Run,1507,1603,2021-08-15 14:05:27,2021-08-15 14:05:27,51.308393,51.308328,-2.50213,-2.502542
5813061813,5046.4,Run,1719,1733,2021-08-17 15:23:53,2021-08-17 15:23:53,51.308412,51.308397,-2.50245,-2.502456
5818905649,6089.8,Run,2041,2188,2021-08-18 14:27:06,2021-08-18 14:27:06,51.308371,51.308414,-2.502349,-2.502428
5823564965,4467.1,Run,1476,1546,2021-08-19 13:35:28,2021-08-19 13:35:28,51.308429,51.308333,-2.502561,-2.502511
5845249788,3543.3,Run,1277,1579,2021-08-23 14:46:39,2021-08-23 14:46:39,51.308384,51.308407,-2.502526,-2.502526
5850975647,4540.9,Run,1556,3017,2021-08-24 15:02:49,2021-08-24 15:02:49,51.308391,51.308395,-2.502503,-2.502722
5856461039,6288.1,Run,2148,2164,2021-08-25 14:17:09,2021-08-25 14:17:09,51.30834,51.308373,-2.502499,-2.50236
5865425716,6087.8,Run,2109,2179,2021-08-27 07:42:36,2021-08-27 07:42:36,51.308286,51.308317,-2.502377,-2.502413
5871687463,7466.2,Run,2563,2577,2021-08-28 12:13:05,2021-08-28 12:13:05,51.308446,51.308327,-2.502567,-2.502315
5926252591,3561.2,Run,1215,1297,2021-09-07 13:53:52,2021-09-07 13:53:52,51.308392,51.308391,-2.502559,-2.502325
5947586224,4169.2,Run,1479,1481,2021-09-10 11:44:30,2021-09-10 11:44:30,51.308367,51.308254,-2.50259,-2.502228
5947759895,4769.1,Run,1630,1656,2021-09-11 13:27:54,2021-09-11 13:27:54,51.308389,51.308286,-2.502424,-2.50236
5959211194,4420.0,Run,1402,3519,2021-09-13 14:17:25,2021-09-13 14:17:25,51.308385,51.308334,-2.502576,-2.502428
5969979188,5864.0,Run,2008,2063,2021-09-15 14:41:50,2021-09-15 14:41:50,51.308359,51.308306,-2.502589,-2.502325
5975446592,4948.4,Run,1700,1716,2021-09-16 15:27:58,2021-09-16 15:27:58,51.308351,51.308383,-2.502423,-2.502276
5985953384,2364.5,Run,609,615,2021-09-18 14:46:53,2021-09-18 14:46:53,51.475588,51.476955,-2.623395,-2.621908
5991306440,5292.8,Run,1656,1764,2021-09-19 13:53:17,2021-09-19 13:53:17,51.292645,51.292993,-2.449319,-2.450676
5996384978,3529.8,Run,1138,1170,2021-09-20 15:28:11,2021-09-20 15:28:11,51.30837,51.308312,-2.502586,-2.502299
6006349426,6099.1,Run,2080,2159,2021-09-22 12:28:16,2021-09-22 12:28:16,51.308381,51.308395,-2.502572,-2.502303
6016750687,7738.8,Run,2613,2628,2021-09-24 13:00:09,2021-09-24 13:00:09,51.308378,51.308338,-2.502578,-2.502405
6020247180,5017.5,Run,1701,1718,2021-09-25 08:08:20,2021-09-25 08:08:20,51.308115,51.308363,-2.501971,-2.502391
6067843901,2906.5,Run,821,1121,2021-10-04 14:49:22,2021-10-04 14:49:22,51.308432,51.308413,-2.502572,-2.502398
6107521682,5048.3,Run,1729,1837,2021-10-12 13:38:48,2021-10-12 13:38:48,51.308391,51.306996,-2.502594,-2.501394
6122099534,5330.2,Run,1753,1760,2021-10-15 14:51:09,2021-10-15 14:51:09,51.308412,51.308399,-2.50254,-2.502319
6130118105,4362.6,Run,1398,1429,2021-10-17 08:33:11,2021-10-17 08:33:11,51.308418,51.308378,-2.502478,-2.502469
6141465113,5535.7,Run,1853,2174,2021-10-19 14:06:33,2021-10-19 14:06:33,51.30823943763971,51.308440770953894,-2.5022259168326855,-2.5023654755204916
6146509862,3968.5,Run,912,1846,2021-10-20 14:32:57,2021-10-20 14:32:57,51.30816307850182,51.3026312738657,-2.502239663153887,-2.5058684404939413
6151029115,688.0,Run,5,84698,2021-10-20 15:04:52,2021-10-20 15:04:52,51.30266295745969,51.308390563353896,-2.5058746431022882,-2.5024789664894342
6151120954,3525.8,Run,1076,1159,2021-10-21 14:37:18,2021-10-21 14:37:18,51.30836667492986,51.30825385451317,-2.5022015254944563,-2.502307053655386
6178886640,3563.9,Run,1208,1214,2021-10-27 11:56:43,2021-10-27 11:56:43,51.30836483091116,51.308251675218344,-2.502378970384598,-2.502262629568577
6192438364,3331.1,Run,1097,1104,2021-10-30 12:49:38,2021-10-30 12:49:38,51.30843959748745,51.308431131765246,-2.5024718418717384,-2.50257208943367
6211363796,6702.4,Run,2315,2318,2021-11-03 12:54:24,2021-11-03 12:54:24,51.30820808932185,51.308403639122844,-2.502005137503147,-2.5024164374917746
6219246513,5030.4,Run,1681,1754,2021-11-05 08:12:06,2021-11-05 08:12:06,51.30832342430949,51.30831613205373,-2.502287942916155,-2.5023811496794224
6234844894,4140.4,Run,1458,1466,2021-11-08 15:19:46,2021-11-08 15:19:46,51.308455942198634,51.30838913843036,-2.502420963719487,-2.502271765843034
6239365034,3836.7,Run,1269,1282,2021-11-09 14:54:44,2021-11-09 14:54:44,51.30841629579663,51.30706496536732,-2.5025490391999483,-2.5013854634016752
6248919267,6802.6,Run,2302,2319,2021-11-11 15:02:59,2021-11-11 15:02:59,51.308405147865415,51.308379331603646,-2.50255792401731,-2.5024820677936077
6252792273,7873.2,Run,2662,2678,2021-11-12 12:54:33,2021-11-12 12:54:33,51.30840682424605,51.30836835131049,-2.5025454349815845,-2.5023861788213253
6261950762,5572.3,Run,1886,1894,2021-11-14 12:42:56,2021-11-14 12:42:56,51.30840539932251,51.30836089141667,-2.502567144110799,-2.502378299832344
6270971477,4475.5,Run,1467,1483,2021-11-15 13:33:59,2021-11-15 13:33:59,51.308414954692125,51.308391485363245,-2.502538226544857,-2.502387687563896
6271083887,5534.7,Run,1863,1867,2021-11-16 14:30:40,2021-11-16 14:30:40,51.30839123390615,51.30835846066475,-2.5025501288473606,-2.502503441646695
6275574876,3617.2,Run,1180,1207,2021-11-17 13:56:03,2021-11-17 13:56:03,51.30839944817126,51.30834764800966,-2.502577370032668,-2.502415683120489
6280352897,4734.6,Run,1527,1538,2021-11-18 15:14:14,2021-11-18 15:14:14,51.30841319449246,51.308310851454735,-2.5025501288473606,-2.502450216561556
6284114321,3539.2,Run,1141,1162,2021-11-19 13:27:11,2021-11-19 13:27:11,51.30840439349413,51.308305989950895,-2.502590697258711,-2.5023530703037977
6292029358,7648.9,Run,2631,2634,2021-11-21 09:22:39,2021-11-21 09:22:39,51.30842786282301,51.30835276097059,-2.5025551579892635,-2.50232582911849
6302018777,5927.8,Run,1973,1982,2021-11-22 14:21:47,2021-11-22 14:21:47,51.308406572788954,51.30830523557961,-2.502580052241683,-2.5023483764380217
6302184723,6176.5,Run,2107,2233,2021-11-23 14:22:52,2021-11-23 14:22:52,51.30842098966241,51.30838033743203,-2.5025766994804144,-2.502373941242695
6306289068,3360.9,Run,1085,1097,2021-11-24 13:11:31,2021-11-24 13:11:31,51.308399364352226,51.30821202881634,-2.502564126625657,-2.5021687522530556
6314324253,4568.1,Run,1516,1532,2021-11-26 11:43:19,2021-11-26 11:43:19,51.30841084755957,51.30830615758896,-2.5025751907378435,-2.5023689959198236
6331102356,3816.8,Run,1280,2011,2021-11-30 14:08:03,2021-11-30 14:08:03,51.30871963687241,51.30839307792485,-2.5024724286049604,-2.5025663897395134
6343222118,4656.7,Run,1609,1627,2021-12-03 13:05:40,2021-12-03 13:05:40,51.30841906182468,51.308350916951895,-2.502529928460717,-2.502366565167904
6356033491,1984.7,Run,586,1288,2021-12-06 14:33:16,2021-12-06 14:33:16,51.30840045399964,51.30824035964906,-2.5025580916553736,-2.502268748357892
6363754375,5154.6,Run,1687,1837,2021-12-08 12:25:04,2021-12-08 12:25:04,51.30834714509547,51.30835452117026,-2.5024676509201527,-2.502389866858721
6367881954,2915.7,Run,931,946,2021-12-09 13:27:14,2021-12-09 13:27:14,51.308425180613995,51.3084508292377,-2.502551721408963,-2.5023666489869356
6371691971,5022.4,Run,1638,1658,2021-12-10 13:33:06,2021-12-10 13:33:06,51.3084265217185,51.308264918625355,-2.502535879611969,-2.502309149131179
6380262958,5110.5,Run,1648,1659,2021-12-12 13:40:47,2021-12-12 13:40:47,51.308449152857065,51.308368518948555,-2.5024523958563805,-2.5023784674704075
6384233144,4544.7,Run,1569,1586,2021-12-13 14:55:00,2021-12-13 14:55:00,51.308405147865415,51.30841026082635,-2.5025477819144726,-2.5023243203759193
6388204841,5180.5,Run,1784,1790,2021-12-14 14:25:19,2021-12-14 14:25:19,51.308422749862075,51.308355862274766,-2.502499083057046,-2.502441080287099
6396611069,5532.5,Run,1864,1879,2021-12-16 15:55:39,2021-12-16 15:55:39,51.308473628014326,51.30834672600031,-2.5025406572967768,-2.502408642321825
6399947530,3677.1,Run,1183,1204,2021-12-17 14:01:29,2021-12-17 14:01:29,51.308464743196964,51.30846734158695,-2.502399757504463,-2.50240009278059
6403973781,8077.0,Run,2693,2919,2021-12-18 13:28:22,2021-12-18 13:28:22,51.308464240282774,51.30839617922902,-2.5024447683244944,-2.5025139190256596
6408461802,5891.9,Run,1993,1997,2021-12-19 14:00:29,2021-12-19 14:00:29,51.308420738205314,51.308417888358235,-2.502455497160554,-2.5025031901896
6416706093,6905.0,Run,2349,2381,2021-12-21 16:04:31,2021-12-21 16:04:31,51.30822175182402,51.308386540040374,-2.5020845979452133,-2.5024296808987856
6420238535,3501.0,Run,1129,1155,2021-12-22 14:06:27,2021-12-22 14:06:27,51.308361226692796,51.30828805267811,-2.502487264573574,-2.5022759567946196
6426790113,3159.4,Run,1069,1080,2021-12-24 10:11:37,2021-12-24 10:11:37,51.303816894069314,51.308210268616676,-2.483585150912404,-2.5022228993475437
6434639754,6816.3,Run,2333,2378,2021-12-26 12:56:02,2021-12-26 12:56:02,51.308449655771255,51.30817146040499,-2.502481983974576,-2.5022486317902803
6443148212,3669.5,Run,1224,1283,2021-12-28 13:43:09,2021-12-28 13:43:09,51.30842065438628,51.30842895247042,-2.502561444416642,-2.5025116559118032
6447589368,7426.8,Run,2546,2559,2021-12-29 13:19:55,2021-12-29 13:19:55,51.30846608430147,51.308316718786955,-2.50246555544436,-2.5023518968373537
6455944414,9817.4,Run,3349,3496,2021-12-31 10:57:58,2021-12-31 10:57:58,51.30844856612384,51.30842216312885,-2.5025018490850925,-2.502284673973918
6460704983,2439.4,Walk,2758,3828,2022-01-01 11:30:47,2022-01-01 11:30:47,51.32308538071811,51.32278094999492,-2.3666166979819536,-2.3653203528374434
6461391228,3674.7,Run,1184,1191,2022-01-01 14:39:24,2022-01-01 14:39:24,51.308404142037034,51.30833717063069,-2.50256622210145,-2.5023695826530457
6466977887,5969.7,Run,1952,1956,2022-01-02 14:41:51,2022-01-02 14:41:51,51.30843322724104,51.30830246955156,-2.5025413278490305,-2.5023590214550495
6472196145,1802.7,Walk,1713,2450,2022-01-03 15:38:16,2022-01-03 15:38:16,51.28567879088223,51.28945735283196,-2.4387098662555218,-2.443804554641247
6476243670,139.1,Walk,46,46,2022-01-04 12:55:01,2022-01-04 12:55:01,51.30843515507877,51.309139067307115,-2.5025145895779133,-2.5010542944073677
6476466953,7513.6,Run,2494,2733,2022-01-04 12:55:58,2022-01-04 12:55:58,51.309196231886744,51.308324094861746,-2.5011041667312384,-2.5024390686303377
6482243406,4855.2,Run,1565,1626,2022-01-05 15:37:48,2022-01-05 15:37:48,51.30822451785207,51.30838016979396,-2.502135392278433,-2.5023967400193214
6491622055,3622.1,Run,1182,1208,2022-01-07 14:03:05,2022-01-07 14:03:05,51.30845476873219,51.30842727608979,-2.50246555544436,-2.502489695325494
6502426560,4041.7,Run,1356,1366,2022-01-09 14:50:00,2022-01-09 14:50:00,51.308451583608985,51.30838729441166,-2.5024553295224905,-2.5024679861962795
6507068859,5368.6,Run,1783,1792,2022-01-10 15:01:11,2022-01-10 15:01:11,51.30842543207109,51.3083715364337,-2.5022542476654053,-2.502323566004634
6512206580,5215.7,Run,1692,1729,2022-01-11 15:16:57,2022-01-11 15:16:57,51.30848854780197,51.308345133438706,-2.5023975782096386,-2.502340078353882
6522412754,1110.9,Run,329,341,2022-01-13 14:41:41,2022-01-13 14:41:41,51.308425683528185,51.30838922224939,-2.5025581754744053,-2.502368241548538
6522968941,5063.7,Walk,1819,2741,2022-01-13 15:58:36,2022-01-13 15:58:36,51.2868354935199,51.30840213038027,-2.483869632706046,-2.5024370569735765
6532775677,8307.8,Run,2733,2745,2022-01-15 14:03:05,2022-01-15 14:03:05,51.30849617533386,51.308357287198305,-2.502340078353882,-2.5025297608226538
6543704426,5561.0,Run,1839,1839,2022-01-17 15:23:13,2022-01-17 15:23:13,51.308428198099136,51.308328453451395,-2.5022836681455374,-2.502337144687772
6548467795,4554.6,Run,1510,1535,2022-01-18 14:05:28,2022-01-18 14:05:28,51.308399783447385,51.30834027193487,-2.502520876005292,-2.5024329498410225
6558794058,4838.6,Run,1644,1671,2022-01-20 13:33:51,2022-01-20 13:33:51,51.30842878483236,51.3083971850574,-2.502367654815316,-2.502475446090102
6568144092,2647.9,Walk,2607,3021,2022-01-22 11:46:26,2022-01-22 11:46:26,51.30836248397827,51.30839944817126,-2.5025737658143044,-2.5024833250790834
6569608526,1006.0,Walk,1075,1738,2022-01-22 15:58:13,2022-01-22 15:58:13,51.30827162414789,51.30564188584685,-2.5022650603204966,-2.504425495862961
6572831665,8447.9,Run,2845,2849,2022-01-23 09:44:10,2022-01-23 09:44:10,51.30840573459864,51.30834236741066,-2.502475529909134,-2.50244602560997
6574056569,1318.0,Walk,1437,1792,2022-01-23 12:07:12,2022-01-23 12:07:12,51.30961582995951,51.30665576085448,-2.4987362790852785,-2.501658881083131
6579931944,3479.8,Run,1160,1172,2022-01-24 15:49:33,2022-01-24 15:49:33,51.30833993665874,51.30831386893988,-2.502489946782589,-2.502347370609641
6590050192,5883.6,Run,1923,1963,2022-01-26 14:11:19,2022-01-26 14:11:19,51.30842266604304,51.30839165300131,-2.50248609110713,-2.502456922084093
6600253476,6228.0,Run,2074,2097,2022-01-28 15:33:18,2022-01-28 15:33:18,51.30835359916091,51.308490727096796,-2.50234829261899,-2.502346867695451
6605512552,4896.4,Run,1591,1591,2022-01-29 15:52:30,2022-01-29 15:52:30,51.30842987447977,51.30837555974722,-2.5023189559578896,-2.502259276807308
6620335451,5226.7,Run,1715,1715,2022-02-01 14:44:28,2022-02-01 14:44:28,51.30843926221132,51.30836474709213,-2.502320632338524,-2.50242012552917
6625576557,3782.5,Run,1207,1220,2022-02-02 14:18:24,2022-02-02 14:18:24,51.3083834387362,51.30831512622535,-2.5023860950022936,-2.5024187844246626
6656368295,2532.9,Run,864,3142,2022-02-08 16:03:00,2022-02-08 16:03:00,51.30836575292051,51.30837673321366,-2.502395650371909,-2.5024977419525385
6661230060,3523.2,Run,1124,1124,2022-02-09 14:13:52,2022-02-09 14:13:52,51.308287382125854,51.30830867215991,-2.5023578479886055,-2.5023814849555492
6666406248,4887.8,Run,1622,1635,2022-02-10 13:38:33,2022-02-10 13:38:33,51.30830967798829,51.30836617201567,-2.5021881982684135,-2.502395650371909
6676929565,2987.1,Run,1284,2015,2022-02-12 14:01:12,2022-02-12 14:01:12,51.3084473926574,51.30838452838361,-2.50233655795455,-2.5024618674069643
6687910173,4750.3,Run,1591,1611,2022-02-14 16:18:43,2022-02-14 16:18:43,51.30816391669214,51.30837463773787,-2.5021929759532213,-2.5024777930229902
6875249989,1706.8,Run,564,592,2022-03-23 14:30:51,2022-03-23 14:30:51,51.30843725055456,51.308421744033694,-2.5024069659411907,-2.5023518968373537
6880397287,2357.8,Run,792,816,2022-03-24 13:47:56,2022-03-24 13:47:56,51.308395424857736,51.30831546150148,-2.502452563494444,-2.5023301877081394
6901294282,2091.5,Run,687,690,2022-03-28 12:08:38,2022-03-28 12:08:38,51.30827413871884,51.308433478698134,-2.5023776292800903,-2.5024611968547106
6906960291,2708.5,Run,885,885,2022-03-29 14:27:19,2022-03-29 14:27:19,51.30838385783136,51.30834488198161,-2.50258038751781,-2.5023729354143143
6911605627,3562.7,Run,1212,1269,2022-03-30 12:16:45,2022-03-30 12:16:45,51.30840112455189,51.308392994105816,-2.5024390686303377,-2.502259025350213
6921495100,2178.2,Run,721,737,2022-04-01 15:32:24,2022-04-01 15:32:24,51.30840389057994,51.30825846455991,-2.5023566745221615,-2.502289116382599
6930946405,4255.1,Run,1463,1486,2022-04-03 13:18:03,2022-04-03 13:18:03,51.30835393443704,51.30836382508278,-2.5023487955331802,-2.502458095550537
6940582639,4287.1,Run,1459,1525,2022-04-05 14:34:55,2022-04-05 14:34:55,51.30833784118295,51.308336332440376,-2.5023360550403595,-2.5023592729121447
6945417783,2628.9,Run,904,904,2022-04-06 13:29:16,2022-04-06 13:29:16,51.308356784284115,51.308275731280446,-2.5024332851171494,-2.50245725736022
6949964029,2308.5,Run,814,821,2022-04-07 12:31:46,2022-04-07 12:31:46,51.30841629579663,51.30832904018462,-2.502483995631337,-2.502335887402296
6985203707,3366.7,Run,1120,1127,2022-04-14 11:44:11,2022-04-14 11:44:11,51.30846356973052,51.30834027193487,-2.502123322337866,-2.5024343747645617
6991199386,3651.6,Run,1280,1302,2022-04-15 14:11:13,2022-04-15 14:11:13,51.30842166021466,51.30834052339196,-2.502330271527171,-2.5023819878697395
6996720175,4205.2,Run,1465,1476,2022-04-16 14:09:57,2022-04-16 14:09:57,51.308432975783944,51.30837564356625,-2.502630427479744,-2.50236882828176
7005608891,4445.4,Run,1461,1469,2022-04-18 09:05:20,2022-04-18 09:05:20,51.30832007154822,51.30833717063069,-2.502288781106472,-2.5023817364126444
7012257745,5080.0,Run,1735,1824,2022-04-19 13:23:17,2022-04-19 13:23:17,51.3084333948791,51.30832342430949,-2.5024499651044607,-2.5023919623345137
